2023-03-21 20:06:46.078238; add_contact; ['Вика', 'Моя', '898', 'самая']
2023-03-21 20:08:48.324570; change_contact; ['', '', '898', 'самая хорошая']
2023-03-21 20:10:57.167265; delete_contact; 12
2023-03-21 20:11:32.484487; delete_phone; ['2', '236']
2023-03-21 20:11:43.038839; save_contact; {'1': ['Иван', 'Иванов', {'123': 'личный', '125': 'работа'}], '2': ['Алексей', 'Мишин', {'236': 'работа', '239': 'интернет'}], '3': ['Zorro', 'Super', {'777': 'sos', '333': 'add'}], '5': ['Петя', 'Сидоров', {'333': 'сокурсник'}], '6': ['Павел', 'Иванов', {'111': 'куратор'}], '8': ['Саша', 'Белый', {'100': 'доп', '110': 'друг'}], '9': ['Саша', 'Белый', {'200': 'писатель'}], '10': ['Петр', 'Петров', {'987': 'очень хороший человек', '999': 'замечательный человек'}], '11': ['Сергей', 'Кукушкин', {'888': 'поддержка'}]}
2023-03-21 20:14:57.337281; delete_contact; 11
2023-03-21 20:20:02.950399; add_contact; ['John', 'Smith', '900', 'anyone']
2023-03-21 20:20:43.186283; save_contact; {'1': ['Иван', 'Иванов', {'123': 'личный', '125': 'работа'}], '2': ['Алексей', 'Мишин', {'236': 'работа', '239': 'интернет'}], '3': ['Zorro', 'Super', {'777': 'sos', '333': 'add'}], '5': ['Петя', 'Сидоров', {'333': 'сокурсник'}], '6': ['Павел', 'Иванов', {'111': 'куратор'}], '8': ['Саша', 'Белый', {'100': 'доп', '110': 'друг'}], '9': ['Саша', 'Белый', {'200': 'писатель'}], '10': ['Петр', 'Петров', {'987': 'очень хороший человек', '999': 'замечательный человек'}], '11': ['Сергей', 'Кукушкин', {'888': 'поддержка'}], '12': ['John', 'Smith', {'900': 'anyone'}]}
2023-03-21 20:21:36.331186; change_contact; ['', 'Smidth', '', '']
2023-03-21 20:22:34.764199; delete_phone; ['11', '888']
2023-03-21 20:23:09.414395; delete_contact; 11
2023-03-21 20:23:30.358144; save_contact; {'1': ['Иван', 'Иванов', {'123': 'личный', '125': 'работа'}], '2': ['Алексей', 'Мишин', {'236': 'работа', '239': 'интернет'}], '3': ['Zorro', 'Super', {'777': 'sos', '333': 'add'}], '5': ['Петя', 'Сидоров', {'333': 'сокурсник'}], '6': ['Павел', 'Иванов', {'111': 'куратор'}], '8': ['Саша', 'Белый', {'100': 'доп', '110': 'друг'}], '9': ['Саша', 'Белый', {'200': 'писатель'}], '10': ['Петр', 'Петров', {'987': 'очень хороший человек', '999': 'замечательный человек'}], '12': ['John', 'Smidth', {'900': 'anyone'}]}
2023-03-21 20:41:28.267909; delete_phone; ['1', '123']
2023-03-21 20:43:59.989969; save_contact; {'1': ['Иван', 'Иванов', {'125': 'работа'}], '2': ['Алексей', 'Мишин', {'236': 'работа', '239': 'интернет'}], '3': ['Zorro', 'Super', {'777': 'sos', '333': 'add'}], '5': ['Петя', 'Сидоров', {'333': 'сокурсник'}], '6': ['Павел', 'Иванов', {'111': 'куратор'}], '8': ['Саша', 'Белый', {'100': 'доп', '110': 'друг'}], '9': ['Саша', 'Белый', {'200': 'писатель'}], '10': ['Петр', 'Петров', {'987': 'очень хороший человек', '999': 'замечательный человек'}], '12': ['John', 'Smidth', {'900': 'anyone'}]}
2023-03-21 20:46:10.445737; delete_phone; ['1', '123']
